space,time,day,poi,type,root_type,rating,weather,tid,label
40.9021049737930 -73.8483839700000,459,Monday,NYCT - 239th St Yard/Maintenance Facility Home Of The (2) Line,Metro Station,Travel & Transport,-1.0,Clear,5063,181
40.5774555812085 -73.9812469482422,420,Tuesday,MTA Subway - Coney Island/Stillwell Ave (D/F/N/Q),Metro Station,Travel & Transport,-1.0,Clear,5063,181
40.5870239319328 -73.9542103553703,427,Tuesday,MTA Subway - Sheepshead Bay (B/Q),Metro Station,Travel & Transport,-1.0,Clear,5063,181
40.5870239319328 -73.9542103553703,1343,Tuesday,MTA Subway - Sheepshead Bay (B/Q),Metro Station,Travel & Transport,-1.0,Clear,5063,181
40.7442000890389 -73.9949313787706,201,Thursday,Malibu Diner NYC,Diner,Food,7.2,Unknown,5063,181
40.5778266755975 -73.9607481089862,426,Thursday,MTA Subway - Brighton Beach (B/Q),Metro Station,Travel & Transport,-1.0,Clouds,5063,181
40.5870239319328 -73.9542103553703,428,Thursday,MTA Subway - Sheepshead Bay (B/Q),Metro Station,Travel & Transport,-1.0,Clouds,5063,181
40.7504738088745 -73.9914479020545,1201,Saturday,Tracks Raw Bar & Grill,Bar,Nightlife Spot,7.1,Clear,5063,181
40.7497034836652 -73.9878129959106,1283,Saturday,MTA Subway - 34th St/Herald Sq (B/D/F/M/N/Q/R/W),Metro Station,Travel & Transport,-1.0,Clear,5063,181
40.6079081943041 -74.0017604162880,1335,Saturday,MTA Subway - 18th Ave (D),Metro Station,Travel & Transport,-1.0,Clouds,5063,181
40.5887815154970 -73.9837789535522,1341,Saturday,MTA Subway - Bay 50th St (D),Metro Station,Travel & Transport,-1.0,Clouds,5063,181
40.5774555812085 -73.9812469482422,1342,Saturday,MTA Subway - Coney Island/Stillwell Ave (D/F/N/Q),Metro Station,Travel & Transport,-1.0,Clouds,5063,181
40.6259562037030 -73.9970183372498,119,Sunday,MTA Subway - 62nd St/New Utrecht Ave (D/N),Metro Station,Travel & Transport,-1.0,Clouds,5063,181
40.6202095141048 -73.9902197749153,138,Sunday,MTA Subway - 18th Ave (N),Metro Station,Travel & Transport,-1.0,Clouds,5063,181
40.5887815154970 -73.9837789535522,238,Sunday,MTA Subway - Bay 50th St (D),Metro Station,Travel & Transport,-1.0,Clouds,5063,181
40.6259562037030 -73.9970183372498,1335,Sunday,MTA Subway - 62nd St/New Utrecht Ave (D/N),Metro Station,Travel & Transport,-1.0,Rain,5063,181
40.6935066357626 -73.9274428663497,300,Monday,Mini Market Deli,Deli / Bodega,Food,5.8,Rain,5064,181
40.6930853448663 -73.9284825325012,302,Monday,MTA Subway - Kosciuszko St (J),Metro Station,Travel & Transport,-1.0,Rain,5064,181
40.5870239319328 -73.9542103553703,428,Monday,MTA Subway - Sheepshead Bay (B/Q),Metro Station,Travel & Transport,-1.0,Clouds,5064,181
40.6505229854606 -73.9629811048507,1334,Monday,MTA Subway - Church Ave (B/Q),Metro Station,Travel & Transport,-1.0,Clouds,5064,181
40.8106580937147 -73.9524768664534,64,Tuesday,The Hood,Hot Spring,Outdoors & Recreation,-1.0,Clouds,5064,181
40.8111214607691 -73.9523662626743,65,Tuesday,MTA Subway - 125th St (A/B/C/D),Metro Station,Travel & Transport,-1.0,Clouds,5064,181
40.5774555812085 -73.9812469482422,420,Tuesday,MTA Subway - Coney Island/Stillwell Ave (D/F/N/Q),Metro Station,Travel & Transport,-1.0,Clouds,5064,181
40.5778266755975 -73.9607481089862,423,Tuesday,MTA Subway - Brighton Beach (B/Q),Metro Station,Travel & Transport,-1.0,Clouds,5064,181
40.5952339959066 -73.9551973342896,428,Tuesday,MTA Subway - B Train,Train,Travel & Transport,-1.0,Clouds,5064,181
40.5870239319328 -73.9542103553703,429,Tuesday,MTA Subway - Sheepshead Bay (B/Q),Metro Station,Travel & Transport,-1.0,Clouds,5064,181
40.5870239319328 -73.9542103553703,433,Wednesday,MTA Subway - Sheepshead Bay (B/Q),Metro Station,Travel & Transport,-1.0,Clear,5064,181
40.7106378081967 -73.7943720817566,1257,Wednesday,MTA Subway - 169th St (F),Metro Station,Travel & Transport,-1.0,Clear,5064,181
40.6539468123820 -74.0045378711284,67,Thursday,MTA Subway - 36th St (D/N/R),Metro Station,Travel & Transport,-1.0,Clear,5064,181
40.7504738088745 -73.9914479020545,1175,Saturday,Tracks Raw Bar & Grill,Bar,Nightlife Spot,7.1,Clear,5064,181
40.7397735859936 -74.0025758743286,197,Wednesday,MTA Subway - 14th St (A/C/E/L),Metro Station,Travel & Transport,-1.0,Clouds,5065,181
40.5774555812085 -73.9812469482422,418,Wednesday,MTA Subway - Coney Island/Stillwell Ave (D/F/N/Q),Metro Station,Travel & Transport,-1.0,Clouds,5065,181
40.7071504586377 -73.9903063776728,418,Wednesday,MTA Subway - Q Train,Train,Travel & Transport,-1.0,Clouds,5065,181
40.5870239319328 -73.9542103553703,426,Wednesday,MTA Subway - Sheepshead Bay (B/Q),Metro Station,Travel & Transport,-1.0,Clouds,5065,181
40.5952339959066 -73.9551973342896,430,Wednesday,MTA Subway - B Train,Train,Travel & Transport,-1.0,Clouds,5065,181
40.6352385027802 -73.9628791809082,437,Wednesday,MTA Subway - Newkirk Plaza (B/Q),Metro Station,Travel & Transport,-1.0,Clouds,5065,181
40.8265076731523 -73.9503908157349,325,Thursday,MTA Subway - 145th St (1),Metro Station,Travel & Transport,-1.0,Clouds,5065,181
40.5870239319328 -73.9542103553703,426,Thursday,MTA Subway - Sheepshead Bay (B/Q),Metro Station,Travel & Transport,-1.0,Clouds,5065,181
40.7024071084752 -73.7999725341797,1165,Saturday,MTA Subway - Jamaica Center/Parsons/Archer (E/J/Z),Metro Station,Travel & Transport,-1.0,Clouds,5065,181
40.7468342989195 -73.8915538787842,1207,Saturday,MTA Subway - 74th St/Roosevelt Ave/Jackson Hts (E/F/M/R/7),Metro Station,Travel & Transport,-1.0,Clouds,5065,181
40.7546043825857 -73.8455486297607,1218,Saturday,MTA Subway - Mets/Willets Point (7),Metro Station,Travel & Transport,-1.0,Clouds,5065,181
40.6079081943041 -74.0017604162880,1323,Sunday,MTA Subway - 18th Ave (D),Metro Station,Travel & Transport,-1.0,Clear,5065,181
40.5774555812085 -73.9812469482422,1435,Sunday,MTA Subway - Coney Island/Stillwell Ave (D/F/N/Q),Metro Station,Travel & Transport,-1.0,Clear,5065,181
40.7305922174740 -73.9816331863403,286,Monday,MTA Subway - 1st Ave (L),Metro Station,Travel & Transport,-1.0,Clouds,5066,181
40.5774555812085 -73.9812469482422,428,Monday,MTA Subway - Coney Island/Stillwell Ave (D/F/N/Q),Metro Station,Travel & Transport,-1.0,Clouds,5066,181
40.5778266755975 -73.9607481089862,429,Monday,MTA Subway - Brighton Beach (B/Q),Metro Station,Travel & Transport,-1.0,Clouds,5066,181
40.5870239319328 -73.9542103553703,436,Monday,MTA Subway - Sheepshead Bay (B/Q),Metro Station,Travel & Transport,-1.0,Clouds,5066,181
40.5952339959066 -73.9551973342896,440,Monday,MTA Subway - B Train,Train,Travel & Transport,-1.0,Clouds,5066,181
40.5870239319328 -73.9542103553703,427,Tuesday,MTA Subway - Sheepshead Bay (B/Q),Metro Station,Travel & Transport,-1.0,Clouds,5066,181
40.5870239319328 -73.9542103553703,1316,Tuesday,MTA Subway - Sheepshead Bay (B/Q),Metro Station,Travel & Transport,-1.0,Clouds,5066,181
40.5774555812085 -73.9812469482422,1435,Tuesday,MTA Subway - Coney Island/Stillwell Ave (D/F/N/Q),Metro Station,Travel & Transport,-1.0,Clouds,5066,181
40.5761191574433 -73.9760541915894,1435,Tuesday,MTA Subway - W 8th St/NY Aquarium (F/Q),Metro Station,Travel & Transport,-1.0,Clouds,5066,181
40.7382239696213 -73.9962136745453,55,Wednesday,MTA Subway - 14th St (F/L/M),Metro Station,Travel & Transport,-1.0,Clouds,5066,181
40.5774555812085 -73.9812469482422,426,Wednesday,MTA Subway - Coney Island/Stillwell Ave (D/F/N/Q),Metro Station,Travel & Transport,-1.0,Rain,5066,181
40.7468342989195 -73.8915538787842,1236,Wednesday,MTA Subway - 74th St/Roosevelt Ave/Jackson Hts (E/F/M/R/7),Metro Station,Travel & Transport,-1.0,Clouds,5066,181
40.7491426612534 -73.8695812225342,1242,Wednesday,MTA Subway - Junction Blvd (7),Metro Station,Travel & Transport,-1.0,Clouds,5066,181
40.7498254009549 -73.8627576828003,1244,Wednesday,MTA Subway - 103rd St/Corona Plaza (7),Metro Station,Travel & Transport,-1.0,Clouds,5066,181
40.7546043825857 -73.8455486297607,1246,Wednesday,MTA Subway - Mets/Willets Point (7),Metro Station,Travel & Transport,-1.0,Clouds,5066,181
40.8846830000000 -73.8997180000000,1083,Friday,Bronx Alehouse,Bar,Nightlife Spot,9.4,Clear,5066,181
40.5774555812085 -73.9812469482422,1355,Saturday,MTA Subway - Coney Island/Stillwell Ave (D/F/N/Q),Metro Station,Travel & Transport,-1.0,Clear,5066,181
40.7058882004734 -73.9900016784668,40,Sunday,Manhattan Bridge,Bridge,Outdoors & Recreation,9.0,Clear,5066,181
40.7181437748072 -74.0001565217972,41,Sunday,MTA Subway - Canal St (6/J/N/Q/R/W/Z),Metro Station,Travel & Transport,-1.0,Clear,5066,181
40.7228518528230 -74.0062773227692,140,Sunday,MTA Subway - Canal St (1),Metro Station,Travel & Transport,-1.0,Clear,5066,181
40.6209815077806 -73.9753668491283,347,Sunday,MTA Subway - Bay Pkwy (F),Metro Station,Travel & Transport,-1.0,Clear,5066,181
40.5774555812085 -73.9812469482422,377,Sunday,MTA Subway - Coney Island/Stillwell Ave (D/F/N/Q),Metro Station,Travel & Transport,-1.0,Clear,5066,181
40.7024071084752 -73.7999725341797,1243,Sunday,MTA Subway - Jamaica Center/Parsons/Archer (E/J/Z),Metro Station,Travel & Transport,-1.0,Clear,5066,181
40.7546043825857 -73.8455486297607,32,Monday,MTA Subway - Mets/Willets Point (7),Metro Station,Travel & Transport,-1.0,Clouds,5067,181
40.7455976724340 -73.9032898322682,110,Monday,MTA Subway - 61st St/Woodside (7),Metro Station,Travel & Transport,-1.0,Clouds,5067,181
40.7504756227248 -73.9402842521667,205,Monday,MTA Subway - Queensboro Plaza (N/W/7),Metro Station,Travel & Transport,-1.0,Clouds,5067,181
40.7546043825857 -73.8455486297607,432,Monday,MTA Subway - Mets/Willets Point (7),Metro Station,Travel & Transport,-1.0,Clouds,5067,181
40.7103775644912 -74.0075540542603,221,Tuesday,MTA Subway - Fulton St (A/C/J/Z/2/3/4/5),Metro Station,Travel & Transport,-1.0,Clouds,5067,181
40.7097215228363 -74.0104886045425,222,Tuesday,McDonald's,Fast Food Restaurant,Food,5.7,Clouds,5067,181
40.7091983224544 -74.0111857652664,224,Tuesday,Zuccotti Park,Park,Outdoors & Recreation,8.1,Clouds,5067,181
40.5774555812085 -73.9812469482422,384,Tuesday,MTA Subway - Coney Island/Stillwell Ave (D/F/N/Q),Metro Station,Travel & Transport,-1.0,Clouds,5067,181
40.7058882004734 -73.9900016784668,1322,Tuesday,Manhattan Bridge,Bridge,Outdoors & Recreation,9.0,Rain,5067,181
40.7332686014083 -73.9999584922170,167,Wednesday,99¢ Fresh Pizza,Pizza Place,Food,6.1,Fog,5067,181
40.7134350000000 -74.0061410000000,247,Wednesday,City Hall Park,Park,Outdoors & Recreation,9.2,Clouds,5067,181
40.5870239319328 -73.9542103553703,432,Wednesday,MTA Subway - Sheepshead Bay (B/Q),Metro Station,Travel & Transport,-1.0,Rain,5067,181
40.7058882004734 -73.9900016784668,1317,Wednesday,Manhattan Bridge,Bridge,Outdoors & Recreation,9.0,Clear,5067,181
40.5778266755975 -73.9607481089862,1353,Wednesday,MTA Subway - Brighton Beach (B/Q),Metro Station,Travel & Transport,-1.0,Clear,5067,181
40.5761191574433 -73.9760541915894,1355,Wednesday,MTA Subway - W 8th St/NY Aquarium (F/Q),Metro Station,Travel & Transport,-1.0,Clear,5067,181
40.5774555812085 -73.9812469482422,1414,Wednesday,MTA Subway - Coney Island/Stillwell Ave (D/F/N/Q),Metro Station,Travel & Transport,-1.0,Clouds,5067,181
40.6505229854606 -73.9629811048507,358,Thursday,MTA Subway - Church Ave (B/Q),Metro Station,Travel & Transport,-1.0,Clear,5067,181
40.6090656243329 -73.9577722549438,433,Thursday,MTA Subway - Kings Highway (B/Q),Metro Station,Travel & Transport,-1.0,Clear,5067,181
40.5870239319328 -73.9542103553703,430,Monday,MTA Subway - Sheepshead Bay (B/Q),Metro Station,Travel & Transport,-1.0,Clouds,5068,181
40.5952339959066 -73.9551973342896,430,Monday,MTA Subway - B Train,Train,Travel & Transport,-1.0,Clouds,5068,181
40.5870239319328 -73.9542103553703,1354,Monday,MTA Subway - Sheepshead Bay (B/Q),Metro Station,Travel & Transport,-1.0,Rain,5068,181
40.5778266755975 -73.9607481089862,24,Tuesday,MTA Subway - Brighton Beach (B/Q),Metro Station,Travel & Transport,-1.0,Clouds,5068,181
40.6702675517290 -73.9897763729095,269,Tuesday,MTA Subway - 4th Ave/9th St (F/G/R),Metro Station,Travel & Transport,-1.0,Rain,5068,181
40.6865396522825 -73.9905526325802,271,Tuesday,Carroll Gardens Classic Diner,Diner,Food,6.9,Rain,5068,181
40.5774555812085 -73.9812469482422,422,Tuesday,MTA Subway - Coney Island/Stillwell Ave (D/F/N/Q),Metro Station,Travel & Transport,-1.0,Rain,5068,181
40.5778266755975 -73.9607481089862,434,Tuesday,MTA Subway - Brighton Beach (B/Q),Metro Station,Travel & Transport,-1.0,Rain,5068,181
40.5777896829786 -73.9815151691437,1422,Wednesday,MTA - Environmental Operations Truck Yard At Stillwell Ave,Metro Station,Travel & Transport,-1.0,Clouds,5068,181
40.8845210000000 -73.9008770000000,996,Friday,MTA Subway - 238th St (1),Metro Station,Travel & Transport,-1.0,Clouds,5068,181
40.8846830000000 -73.8997180000000,1271,Friday,Bronx Alehouse,Bar,Nightlife Spot,9.4,Clouds,5068,181
40.8845210000000 -73.9008770000000,127,Saturday,MTA Subway - 238th St (1),Metro Station,Travel & Transport,-1.0,Clouds,5068,181
40.6783761057844 -73.9033985137939,115,Sunday,MTA Subway - Broadway Junction (A/C/J/L/Z),Metro Station,Travel & Transport,-1.0,Clouds,5068,181
40.6977462768555 -73.9928817749023,278,Sunday,Halal Food Cart,Food Truck,Food,-1.0,Clouds,5068,181
40.5870239319328 -73.9542103553703,1410,Sunday,MTA Subway - Sheepshead Bay (B/Q),Metro Station,Travel & Transport,-1.0,Clouds,5068,181
40.7397735859936 -74.0025758743286,80,Monday,MTA Subway - 14th St (A/C/E/L),Metro Station,Travel & Transport,-1.0,Clouds,5071,181
40.7357343464241 -73.9905676245691,140,Monday,MTA Subway - 14th St/Union Square (4/5/6/L/N/Q/R/W),Metro Station,Travel & Transport,-1.0,Clouds,5071,181
40.7311737641780 -73.9825068515206,267,Monday,14th Street Pizza Bagel Cafe,Pizza Place,Food,-1.0,Clouds,5071,181
40.5755982407233 -73.9812553565976,382,Monday,Dunkin Donuts,Donut Shop,Food,5.0,Clouds,5071,181
40.5778266755975 -73.9607481089862,426,Monday,MTA Subway - Brighton Beach (B/Q),Metro Station,Travel & Transport,-1.0,Clouds,5071,181
40.6463999797528 -73.9943200349808,304,Tuesday,MTA Subway - 9th Ave (D),Metro Station,Travel & Transport,-1.0,Clouds,5071,181
40.5887815154970 -73.9837789535522,1350,Tuesday,MTA Subway - Bay 50th St (D),Metro Station,Travel & Transport,-1.0,Rain,5071,181
40.7397735859936 -74.0025758743286,74,Wednesday,MTA Subway - 14th St (A/C/E/L),Metro Station,Travel & Transport,-1.0,Rain,5071,181
40.7305922174740 -73.9816331863403,267,Wednesday,MTA Subway - 1st Ave (L),Metro Station,Travel & Transport,-1.0,Clouds,5071,181
40.7077913373924 -74.0131545066833,318,Wednesday,MTA Subway - Rector St (R/W),Metro Station,Travel & Transport,-1.0,Clouds,5071,181
40.6090656243329 -73.9577722549438,438,Wednesday,MTA Subway - Kings Highway (B/Q),Metro Station,Travel & Transport,-1.0,Clouds,5071,181
40.6352385027802 -73.9628791809082,442,Wednesday,MTA Subway - Newkirk Plaza (B/Q),Metro Station,Travel & Transport,-1.0,Clouds,5071,181
40.8642804280654 -73.9189003722221,1150,Wednesday,MTA Subway - 207th St (1),Metro Station,Travel & Transport,-1.0,Clouds,5071,181
40.8643936830103 -73.9189767837524,1152,Wednesday,MTA Subway - 207th St (1),Metro Station,Travel & Transport,-1.0,Clouds,5071,181
40.8660871631340 -73.9166211621577,1152,Wednesday,MTA NYCT 207th Street Maintenance and Overhaul Shop,Government Building,Professional & Other Places,6.1,Clouds,5071,181
40.8622752295731 -73.9253532049106,1158,Wednesday,Jimbo's Hamburger Palace,Burger Joint,Food,6.7,Clouds,5071,181
40.7498254009549 -73.8627576828003,1437,Wednesday,MTA Subway - 103rd St/Corona Plaza (7),Metro Station,Travel & Transport,-1.0,Clouds,5071,181
40.7455976724340 -73.9032898322682,107,Thursday,MTA Subway - 61st St/Woodside (7),Metro Station,Travel & Transport,-1.0,Clouds,5071,181
40.6202095141048 -73.9902197749153,1324,Saturday,MTA Subway - 18th Ave (N),Metro Station,Travel & Transport,-1.0,Clear,5071,181
40.6719746521451 -73.9643901498069,211,Sunday,MTA Subway - Eastern Parkway/Brooklyn Museum (2/3),Metro Station,Travel & Transport,-1.0,Clouds,5071,181
40.5778266755975 -73.9607481089862,420,Sunday,MTA Subway - Brighton Beach (B/Q),Metro Station,Travel & Transport,-1.0,Clouds,5071,181
40.6090656243329 -73.9577722549438,425,Sunday,MTA Subway - Kings Highway (B/Q),Metro Station,Travel & Transport,-1.0,Clouds,5071,181
40.7009593110380 -73.8077187538147,1163,Sunday,MTA Subway - Sutphin Blvd/Archer Ave/JFK (E/J/Z),Metro Station,Travel & Transport,-1.0,Clear,5071,181
40.7468342989195 -73.8915538787842,1197,Sunday,MTA Subway - 74th St/Roosevelt Ave/Jackson Hts (E/F/M/R/7),Metro Station,Travel & Transport,-1.0,Clear,5071,181
40.7498254009549 -73.8627576828003,1202,Sunday,MTA Subway - 103rd St/Corona Plaza (7),Metro Station,Travel & Transport,-1.0,Clear,5071,181
40.7516084293307 -73.8554055211949,1203,Sunday,MTA Subway - 111th St (7),Metro Station,Travel & Transport,-1.0,Clear,5071,181
40.7546043825857 -73.8455486297607,1204,Sunday,MTA Subway - Mets/Willets Point (7),Metro Station,Travel & Transport,-1.0,Clear,5071,181
40.7455976724340 -73.9032898322682,1407,Sunday,MTA Subway - 61st St/Woodside (7),Metro Station,Travel & Transport,-1.0,Clear,5071,181
40.7546043825857 -73.8455486297607,1297,Monday,MTA Subway - Mets/Willets Point (7),Metro Station,Travel & Transport,-1.0,Clear,5074,181
40.7498254009549 -73.8627576828003,221,Tuesday,MTA Subway - 103rd St/Corona Plaza (7),Metro Station,Travel & Transport,-1.0,Clear,5074,181
40.7491426612534 -73.8695812225342,221,Tuesday,MTA Subway - Junction Blvd (7),Metro Station,Travel & Transport,-1.0,Clear,5074,181
40.7455551624298 -73.9034843444824,222,Tuesday,Tacos y Quesadillas Mexico,Food Truck,Food,7.9,Clear,5074,181
40.7455976724340 -73.9032898322682,222,Tuesday,MTA Subway - 61st St/Woodside (7),Metro Station,Travel & Transport,-1.0,Clear,5074,181
40.6254167321779 -73.9608608186245,1327,Tuesday,MTA Subway - Avenue J (Q),Metro Station,Travel & Transport,-1.0,Clear,5074,181
40.6180163716194 -73.9595425128937,1328,Tuesday,MTA Subway - Avenue M (Q),Metro Station,Travel & Transport,-1.0,Clear,5074,181
40.5952339959066 -73.9551973342896,1333,Tuesday,MTA Subway - B Train,Train,Travel & Transport,-1.0,Clear,5074,181
40.6719746521451 -73.9643901498069,176,Wednesday,MTA Subway - Eastern Parkway/Brooklyn Museum (2/3),Metro Station,Travel & Transport,-1.0,Clouds,5074,181
40.7311979118086 -74.0015727281570,304,Wednesday,IFC Center,Indie Movie Theater,Arts & Entertainment,9.3,Clouds,5074,181
40.7315840898818 -74.0002155303955,305,Wednesday,MTA Subway - W. 4th Street/Washington Square (A/B/C/D/E/F/M),Metro Station,Travel & Transport,-1.0,Clouds,5074,181
40.7058882004734 -73.9900016784668,335,Wednesday,Manhattan Bridge,Bridge,Outdoors & Recreation,9.0,Clouds,5074,181
40.5774555812085 -73.9812469482422,421,Wednesday,MTA Subway - Coney Island/Stillwell Ave (D/F/N/Q),Metro Station,Travel & Transport,-1.0,Rain,5074,181
40.5751412694824 -73.9815044403076,422,Wednesday,Nathan's Famous,Hot Dog Joint,Food,8.4,Rain,5074,181
40.5761191574433 -73.9760541915894,422,Wednesday,MTA Subway - W 8th St/NY Aquarium (F/Q),Metro Station,Travel & Transport,-1.0,Rain,5074,181
40.7546043825857 -73.8455486297607,1225,Saturday,MTA Subway - Mets/Willets Point (7),Metro Station,Travel & Transport,-1.0,Clear,5074,181
40.7546043825857 -73.8455486297607,3,Sunday,MTA Subway - Mets/Willets Point (7),Metro Station,Travel & Transport,-1.0,Rain,5074,181
40.7455976724340 -73.9032898322682,127,Sunday,MTA Subway - 61st St/Woodside (7),Metro Station,Travel & Transport,-1.0,Clouds,5074,181
40.7455551624298 -73.9034843444824,130,Sunday,Tacos y Quesadillas Mexico,Food Truck,Food,7.9,Clouds,5074,181
40.7528732605498 -73.9327579736710,183,Sunday,MTA Subway - 39th Ave (N/W),Metro Station,Travel & Transport,-1.0,Clouds,5074,181
40.7745293581891 -73.9124965667725,205,Sunday,MTA Subway - Astoria/Ditmars Blvd (N/W),Metro Station,Travel & Transport,-1.0,Clouds,5074,181
40.6505229854606 -73.9629811048507,1311,Sunday,MTA Subway - Church Ave (B/Q),Metro Station,Travel & Transport,-1.0,Clear,5074,181
40.7071504586377 -73.9903063776728,1312,Sunday,MTA Subway - Q Train,Train,Travel & Transport,-1.0,Clear,5074,181
40.6352385027802 -73.9628791809082,1313,Sunday,MTA Subway - Newkirk Plaza (B/Q),Metro Station,Travel & Transport,-1.0,Clear,5074,181
40.5774555812085 -73.9812469482422,1363,Sunday,MTA Subway - Coney Island/Stillwell Ave (D/F/N/Q),Metro Station,Travel & Transport,-1.0,Clear,5074,181
40.8039649766588 -74.0051346743456,873,Tuesday,Mark's Homemade Ice Cream,Ice Cream Shop,Food,7.6,Clear,21368,768
40.8020420837973 -74.0006327810760,874,Tuesday,Camizzi's Place,Home (private),Residence,-1.0,Clear,21368,768
40.8330995119797 -74.0102148056030,989,Tuesday,Ridgefield Circle,Bus Station,Travel & Transport,-1.0,Clear,21368,768
40.9558986652535 -74.0681844400908,1015,Tuesday,Paramus Park Parking Lot,Parking,Professional & Other Places,-1.0,Clear,21368,768
40.9563425162631 -74.0690277157403,1016,Tuesday,Paramus Park Mall,Shopping Mall,Shop & Service,7.3,Clear,21368,768
40.9561700000000 -74.0684500000000,1018,Tuesday,Thomas Kinkade Signature Gallery,Art Gallery,Arts & Entertainment,-1.0,Clear,21368,768
40.9565346166931 -74.0690946578979,1019,Tuesday,Buddy's Sports Corner,Sporting Goods Shop,Shop & Service,-1.0,Clear,21368,768
40.9562048333709 -74.0686032101010,1022,Tuesday,Disney Store,Toy / Game Store,Shop & Service,-1.0,Clear,21368,768
40.9564888763106 -74.0687753070967,1210,Tuesday,Paramus Park Fountain,Garden,Outdoors & Recreation,-1.0,Clear,21368,768
40.9564312268171 -74.0688728286580,1211,Tuesday,Paramus Park Food Court,Food Court,Food,6.7,Clear,21368,768
40.9564087500000 -74.0688591666667,1213,Tuesday,Nathan's Famous,Hot Dog Joint,Food,7.1,Clear,21368,768
40.7710608020235 -74.0181376358204,1278,Tuesday,"Blvd East ""The Block"" NYC View",Scenic Lookout,Outdoors & Recreation,-1.0,Clouds,21368,768
40.7377410000000 -74.0330780000000,1310,Tuesday,Village Pourhouse,Sports Bar,Nightlife Spot,-1.0,Clouds,21368,768
40.7399552838404 -74.0302159393485,25,Wednesday,McDonald's,Fast Food Restaurant,Food,5.1,Clouds,21368,768
40.7694623998084 -74.0438138726682,46,Wednesday,Taco Bell,Fast Food Restaurant,Food,7.4,Clouds,21368,768
40.7587626851628 -74.0442843322801,71,Wednesday,Dunkin' Donuts,Donut Shop,Food,7.0,Clouds,21368,768
40.8022778485458 -73.9994859695435,156,Wednesday,Hudson County Park Lake,Lake,Outdoors & Recreation,-1.0,Clouds,21368,768
40.8033173792385 -74.0063524246216,156,Wednesday,The Camizzi Car Hold,Parking,Professional & Other Places,-1.0,Clouds,21368,768
40.8020420837973 -74.0006327810760,180,Wednesday,Camizzi's Place,Home (private),Residence,-1.0,Clouds,21368,768
40.8033676147461 -74.0064468383789,644,Wednesday,The Camizzi Grapevine,Vineyard,Outdoors & Recreation,-1.0,Clear,21368,768
40.8012272147775 -74.0003028102289,903,Wednesday,James J Braddock North Hudson County Park,Park,Outdoors & Recreation,8.7,Clear,21368,768
40.8033819497664 -74.0065291207600,903,Wednesday,Carol Ann Cleaners,Laundry Service,Shop & Service,-1.0,Clear,21368,768
40.8033173792385 -74.0063524246216,520,Saturday,The Camizzi Car Hold,Parking,Professional & Other Places,-1.0,Clear,21368,768
40.8330995119797 -74.0102148056030,566,Saturday,Ridgefield Circle,Bus Station,Travel & Transport,-1.0,Clear,21368,768
40.9558986652535 -74.0681844400908,585,Saturday,Paramus Park Parking Lot,Parking,Professional & Other Places,-1.0,Clear,21368,768
40.9563425162631 -74.0690277157403,585,Saturday,Paramus Park Mall,Shopping Mall,Shop & Service,7.3,Clear,21368,768
40.9564715166667 -74.0688600000000,591,Saturday,Dunkin Donuts,Donut Shop,Food,6.3,Clear,21368,768
40.9562048333709 -74.0686032101010,600,Saturday,Disney Store,Toy / Game Store,Shop & Service,-1.0,Clear,21368,768
40.9565346166931 -74.0690946578979,957,Saturday,Buddy's Sports Corner,Sporting Goods Shop,Shop & Service,-1.0,Clear,21368,768
40.9561700000000 -74.0684500000000,958,Saturday,Thomas Kinkade Signature Gallery,Art Gallery,Arts & Entertainment,-1.0,Clear,21368,768
40.9564087500000 -74.0688591666667,968,Saturday,Nathan's Famous,Hot Dog Joint,Food,7.1,Clear,21368,768
40.9565620915209 -74.0688843017796,982,Saturday,Street Corner,Convenience Store,Shop & Service,-1.0,Clear,21368,768
40.9561456958968 -74.0684509277344,990,Saturday,Auntie Anne's,Snack Place,Food,6.7,Clear,21368,768
40.9562048333709 -74.0686032101010,990,Saturday,Disney Store,Toy / Game Store,Shop & Service,-1.0,Clear,21368,768
40.9593749907731 -74.0686491026485,1103,Saturday,Paramus Diamond Center,Jewelry Store,Shop & Service,-1.0,Clouds,21368,768
40.9564888763106 -74.0687753070967,1132,Saturday,Paramus Park Fountain,Garden,Outdoors & Recreation,-1.0,Clouds,21368,768
40.9563401565814 -74.0683650970459,1133,Saturday,Panera Bread,Bakery,Food,7.5,Clouds,21368,768
40.9559163833333 -74.0682770000000,1175,Saturday,The Children's Place,Kids Store,Shop & Service,6.2,Clear,21368,768
40.8098952818854 -74.0014386177063,1207,Saturday,White Castle,Fast Food Restaurant,Food,8.4,Clear,21368,768
40.8022778485458 -73.9994859695435,1275,Saturday,Hudson County Park Lake,Lake,Outdoors & Recreation,-1.0,Clear,21368,768
40.8033676147461 -74.0064468383789,1349,Saturday,The Camizzi Grapevine,Vineyard,Outdoors & Recreation,-1.0,Clouds,21368,768
40.8033416365219 -74.0064487825594,1349,Saturday,Fine Fare,Supermarket,Shop & Service,-1.0,Clouds,21368,768
40.8046494319062 -74.0011750797550,67,Sunday,Bruins Stadium,Stadium,Arts & Entertainment,6.7,Clouds,21368,768
40.8020420837973 -74.0006327810760,68,Sunday,Camizzi's Place,Home (private),Residence,-1.0,Clouds,21368,768
40.8023541739406 -74.0123994565080,80,Sunday,Exxon,Gas Station,Shop & Service,5.9,Clouds,21368,768
40.7587626851628 -74.0442843322801,455,Sunday,Dunkin' Donuts,Donut Shop,Food,7.0,Clear,21368,768
40.7601313390887 -74.0441523742139,639,Sunday,Coach House,Diner,Food,8.5,Clear,21368,768
40.7586321239339 -74.0435843797518,639,Sunday,CVS/pharmacy,Pharmacy,Shop & Service,6.3,Clear,21368,768
40.7898347019893 -74.0510272979736,688,Sunday,Speedway,Gas Station,Shop & Service,6.3,Clear,21368,768
40.8788867543756 -74.2219363043206,702,Sunday,QuickChek,Convenience Store,Shop & Service,7.1,Clear,21368,768
40.8020420837973 -74.0006327810760,858,Sunday,Camizzi's Place,Home (private),Residence,-1.0,Clear,21368,768
40.8033173792385 -74.0063524246216,560,Monday,The Camizzi Car Hold,Parking,Professional & Other Places,-1.0,Clear,21369,768
40.8330995119797 -74.0102148056030,603,Monday,Ridgefield Circle,Bus Station,Travel & Transport,-1.0,Clear,21369,768
40.9558986652535 -74.0681844400908,624,Monday,Paramus Park Parking Lot,Parking,Professional & Other Places,-1.0,Clear,21369,768
40.9563425162631 -74.0690277157403,624,Monday,Paramus Park Mall,Shopping Mall,Shop & Service,7.3,Clear,21369,768
40.9561700000000 -74.0684500000000,628,Monday,Thomas Kinkade Signature Gallery,Art Gallery,Arts & Entertainment,-1.0,Clear,21369,768
40.9564715166667 -74.0688600000000,630,Monday,Dunkin Donuts,Donut Shop,Food,6.3,Clear,21369,768
40.9562048333709 -74.0686032101010,636,Monday,Disney Store,Toy / Game Store,Shop & Service,-1.0,Clear,21369,768
40.9564312268171 -74.0688728286580,847,Monday,Paramus Park Food Court,Food Court,Food,6.7,Clear,21369,768
40.9564888763106 -74.0687753070967,855,Monday,Paramus Park Fountain,Garden,Outdoors & Recreation,-1.0,Clear,21369,768
40.9564296604857 -74.0688556189744,855,Monday,Taco Bell,Fast Food Restaurant,Food,5.8,Clear,21369,768
40.9544350000000 -74.0667240000000,873,Monday,Sears,Department Store,Shop & Service,6.0,Clouds,21369,768
40.9561456958968 -74.0684509277344,873,Monday,Auntie Anne's,Snack Place,Food,6.7,Clouds,21369,768
40.9584791863044 -74.0693950653076,883,Monday,Macy's,Department Store,Shop & Service,7.1,Clouds,21369,768
40.7747343541817 -74.0323962641175,1148,Monday,Kennedy Center,Doctor's Office,Professional & Other Places,-1.0,Clouds,21369,768
40.7744318606194 -74.0332603454590,1171,Monday,Chase Bank,Bank,Shop & Service,6.5,Clouds,21369,768
40.7746434000000 -74.0323954500000,1172,Monday,Discount Depot,Miscellaneous Shop,Shop & Service,-1.0,Clouds,21369,768
40.7744185880079 -74.0348232804781,1176,Monday,Columbia Park Center,Shopping Mall,Shop & Service,6.3,Clouds,21369,768
40.8130987279918 -73.9846855401993,40,Tuesday,Starbucks,Coffee Shop,Food,8.1,Clear,21369,768
40.7587626851628 -74.0442843322801,270,Tuesday,Dunkin' Donuts,Donut Shop,Food,7.0,Clear,21369,768
40.8020420837973 -74.0006327810760,365,Tuesday,Camizzi's Place,Home (private),Residence,-1.0,Clear,21369,768
40.7925477016768 -74.0505337715149,1046,Tuesday,Mill Creek Mall,Shopping Mall,Shop & Service,7.5,Clouds,21369,768
40.7862971052313 -74.0461202610826,1046,Tuesday,Harmon Meadow,Shopping Mall,Shop & Service,7.0,Clouds,21369,768
40.7918114333333 -74.0499816666667,1058,Tuesday,Verizon,Mobile Phone Shop,Shop & Service,-1.0,Clouds,21369,768
40.7101735563743 -74.0877451713321,1201,Tuesday,New Jersey City University,University,College & University,-1.0,Clouds,21369,768
40.8211817681592 -73.9917612075806,21,Wednesday,A&P,Grocery Store,Shop & Service,-1.0,Clear,21369,768
40.8128348250965 -73.9840793609619,47,Wednesday,Edgewater Commons,Shopping Mall,Shop & Service,8.1,Clear,21369,768
40.8130987279918 -73.9846855401993,59,Wednesday,Starbucks,Coffee Shop,Food,8.1,Clear,21369,768
40.7702455318193 -74.0184933972607,152,Wednesday,Weehawken Dueling Grounds,Park,Outdoors & Recreation,7.1,Clouds,21369,768
40.7710608020235 -74.0181376358204,185,Wednesday,"Blvd East ""The Block"" NYC View",Scenic Lookout,Outdoors & Recreation,-1.0,Clouds,21369,768
40.8087962865829 -74.0023076534271,207,Wednesday,QuickChek,Miscellaneous Shop,Shop & Service,7.8,Clouds,21369,768
40.8020420837973 -74.0006327810760,354,Wednesday,Camizzi's Place,Home (private),Residence,-1.0,Clouds,21369,768
40.8033416365219 -74.0064487825594,852,Wednesday,Fine Fare,Supermarket,Shop & Service,-1.0,Clouds,21369,768
40.8011246001335 -74.0142488479614,956,Wednesday,North Bergen High School,High School,Professional & Other Places,-1.0,Clouds,21369,768
40.8006860356192 -74.0148496627808,1141,Wednesday,NBHS Field of Dreams,Baseball Field,Outdoors & Recreation,-1.0,Clouds,21369,768
40.8034444718879 -74.0060872602390,1141,Wednesday,The Camizzi Grapevine,Vineyard,Outdoors & Recreation,-1.0,Clouds,21369,768
40.8033173792385 -74.0063524246216,1227,Wednesday,The Camizzi Car Hold,Parking,Professional & Other Places,-1.0,Clouds,21369,768
40.8014169748664 -74.0143775939941,1266,Wednesday,NBHS Auditorium,Concert Hall,Arts & Entertainment,-1.0,Clouds,21369,768
40.8011246001335 -74.0142488479614,612,Thursday,North Bergen High School,High School,Professional & Other Places,-1.0,Clouds,21369,768
40.7747343541817 -74.0323962641175,788,Thursday,Kennedy Center,Doctor's Office,Professional & Other Places,-1.0,Clouds,21369,768
40.7746034860611 -74.0322000000000,788,Thursday,MyUnique,Thrift / Vintage Store,Shop & Service,7.0,Clouds,21369,768
40.7746434000000 -74.0323954500000,796,Thursday,Discount Depot,Miscellaneous Shop,Shop & Service,-1.0,Clouds,21369,768
40.7577130093935 -74.0437507621438,810,Thursday,KFC,Fast Food Restaurant,Food,5.9,Clouds,21369,768
40.8034444718879 -74.0060872602390,881,Thursday,The Camizzi Grapevine,Vineyard,Outdoors & Recreation,-1.0,Clouds,21369,768
40.8132895494315 -74.0113735198975,968,Thursday,Applebee's Neighborhood Grill & Bar,American Restaurant,Food,5.7,Clouds,21369,768
40.8011246001335 -74.0142488479614,661,Friday,North Bergen High School,High School,Professional & Other Places,-1.0,Clear,21369,768
40.8020420837973 -74.0006327810760,785,Friday,Camizzi's Place,Home (private),Residence,-1.0,Clear,21369,768
40.8039649766588 -74.0051346743456,1332,Friday,Mark's Homemade Ice Cream,Ice Cream Shop,Food,7.6,Clear,21369,768
40.8033802007548 -74.0064946901067,1425,Friday,Town Beverage,Liquor Store,Shop & Service,-1.0,Clear,21369,768
40.7597910000000 -74.0227893571429,23,Saturday,Hi-Tech Billiards,Pool Hall,Arts & Entertainment,-1.0,Clear,21369,768
40.9563425162631 -74.0690277157403,714,Saturday,Paramus Park Mall,Shopping Mall,Shop & Service,7.3,Clear,21369,768
40.9564888763106 -74.0687753070967,721,Saturday,Paramus Park Fountain,Garden,Outdoors & Recreation,-1.0,Clear,21369,768
40.9562048333709 -74.0686032101010,721,Saturday,Disney Store,Toy / Game Store,Shop & Service,-1.0,Clear,21369,768
40.9561456958968 -74.0684509277344,989,Saturday,Auntie Anne's,Snack Place,Food,6.7,Clear,21369,768
40.9565346166931 -74.0690946578979,995,Saturday,Buddy's Sports Corner,Sporting Goods Shop,Shop & Service,-1.0,Clear,21369,768
40.8640024520883 -74.0359076820391,1021,Saturday,River Front Plaza,Shopping Mall,Shop & Service,-1.0,Clear,21369,768
40.8634942442450 -74.0358101435273,1029,Saturday,KFC,Fast Food Restaurant,Food,5.4,Clear,21369,768
40.8012272147775 -74.0003028102289,314,Sunday,James J Braddock North Hudson County Park,Park,Outdoors & Recreation,8.7,Rain,21369,768
40.8022778485458 -73.9994859695435,548,Sunday,Hudson County Park Lake,Lake,Outdoors & Recreation,-1.0,Clouds,21369,768
40.8020420837973 -74.0006327810760,548,Sunday,Camizzi's Place,Home (private),Residence,-1.0,Clouds,21369,768
40.8033446470058 -74.0063340136428,768,Sunday,The Camizzi Grapevine,Vineyard,Outdoors & Recreation,-1.0,Clouds,21369,768
40.8014169748664 -74.0143775939941,904,Sunday,NBHS Auditorium,Concert Hall,Arts & Entertainment,-1.0,Clouds,21369,768
40.8006860356192 -74.0148496627808,941,Sunday,NBHS Field of Dreams,Baseball Field,Outdoors & Recreation,-1.0,Clouds,21369,768
40.8018392916515 -74.0141201019287,942,Sunday,NBHS Courts,Basketball Court,Outdoors & Recreation,-1.0,Clouds,21369,768
40.8022778485458 -73.9994859695435,29,Monday,Hudson County Park Lake,Lake,Outdoors & Recreation,-1.0,Rain,21371,768
40.8037553044850 -74.0068504732251,29,Monday,Town Beverage,Liquor Store,Shop & Service,-1.0,Rain,21371,768
40.8049381728163 -74.0013070675608,71,Monday,Bruins Stadium,Stadium,Arts & Entertainment,6.7,Rain,21371,768
40.8020420837973 -74.0006327810760,71,Monday,Camizzi's Place,Home (private),Residence,-1.0,Rain,21371,768
40.8198598900000 -74.0007183000000,850,Monday,Bank of America,Bank,Shop & Service,6.5,Clouds,21371,768
40.7330800006297 -74.1708254814148,1139,Monday,Prudential Center,Hockey Arena,Arts & Entertainment,8.7,Clouds,21371,768
40.7506597266371 -74.1640068276603,1381,Monday,Tops Diner,Diner,Food,9.4,Clouds,21371,768
40.8020420837973 -74.0006327810760,96,Tuesday,Camizzi's Place,Home (private),Residence,-1.0,Clouds,21371,768
40.8062952895524 -74.0098057429006,898,Tuesday,Rose Delicatessen,Deli / Bodega,Food,-1.0,Clouds,21371,768
40.8065670450306 -74.0115214998693,903,Tuesday,Horace Mann School,Elementary School,Professional & Other Places,-1.0,Clouds,21371,768
40.8094453811646 -74.0077310800552,911,Tuesday,Town Service Center,Gas Station,Shop & Service,-1.0,Clouds,21371,768
40.8030584446864 -74.0057773834207,1030,Tuesday,Fine Fare,Supermarket,Shop & Service,-1.0,Clouds,21371,768
40.8012272147775 -74.0003028102289,1140,Tuesday,James J Braddock North Hudson County Park,Park,Outdoors & Recreation,8.7,Clouds,21371,768
40.8020420837973 -74.0006327810760,1209,Tuesday,Camizzi's Place,Home (private),Residence,-1.0,Clouds,21371,768
40.8022919295848 -74.0064659978909,678,Wednesday,North Bergen Post Office,Post Office,Professional & Other Places,-1.0,Clouds,21371,768
40.8087962865829 -74.0023076534271,765,Wednesday,QuickChek,Miscellaneous Shop,Shop & Service,7.8,Clouds,21371,768
40.8132895494315 -74.0113735198975,1086,Wednesday,Applebee's Neighborhood Grill & Bar,American Restaurant,Food,5.7,Clouds,21371,768
40.8043427110207 -74.0056511371656,102,Thursday,The Camizzi Grapevine,Vineyard,Outdoors & Recreation,-1.0,Clear,21371,768
40.8020420837973 -74.0006327810760,114,Thursday,Camizzi's Place,Home (private),Residence,-1.0,Clear,21371,768
40.8033173792385 -74.0063524246216,541,Thursday,The Camizzi Car Hold,Parking,Professional & Other Places,-1.0,Clouds,21371,768
40.8020420837973 -74.0006327810760,362,Friday,Camizzi's Place,Home (private),Residence,-1.0,Clear,21371,768
40.8033058174890 -74.0065348592017,737,Friday,Hudson County Park Courts,Basketball Court,Outdoors & Recreation,-1.0,Clouds,21371,768
40.8012272147775 -74.0003028102289,839,Friday,James J Braddock North Hudson County Park,Park,Outdoors & Recreation,8.7,Clouds,21371,768
40.9173354418021 -74.0756607055664,978,Friday,Westfield Garden State Plaza,Shopping Mall,Shop & Service,8.3,Clear,21371,768
40.9164475241002 -74.0763902664185,1007,Friday,KFC,Fast Food Restaurant,Food,6.1,Clear,21371,768
40.9172162041253 -74.0765309823851,1021,Friday,Foot Locker,Shoe Store,Shop & Service,6.4,Clear,21371,768
40.9160207151703 -74.0764793554218,1047,Friday,Jamba Juice Garden State Plaza,Juice Bar,Food,-1.0,Clear,21371,768
40.7957468422177 -74.0619142522462,1072,Friday,Shell,Gas Station,Shop & Service,5.8,Clear,21371,768
40.8020420837973 -74.0006327810760,31,Saturday,Camizzi's Place,Home (private),Residence,-1.0,Clear,21371,768
40.8020420837973 -74.0006327810760,780,Saturday,Camizzi's Place,Home (private),Residence,-1.0,Clear,21371,768
40.8330995119797 -74.0102148056030,869,Saturday,Ridgefield Circle,Bus Station,Travel & Transport,-1.0,Clear,21371,768
40.9563425162631 -74.0690277157403,894,Saturday,Paramus Park Mall,Shopping Mall,Shop & Service,7.3,Clear,21371,768
40.9559639575860 -74.0683622740440,917,Saturday,Disney Store,Toy / Game Store,Shop & Service,-1.0,Clear,21371,768
40.9564888763106 -74.0687753070967,1117,Saturday,Paramus Park Fountain,Garden,Outdoors & Recreation,-1.0,Clear,21371,768
40.9564312268171 -74.0688728286580,1127,Saturday,Paramus Park Food Court,Food Court,Food,6.7,Clear,21371,768
40.9561456958968 -74.0684509277344,1134,Saturday,Auntie Anne's,Snack Place,Food,6.7,Clear,21371,768
40.9559639575860 -74.0683622740440,1155,Saturday,Disney Store,Toy / Game Store,Shop & Service,-1.0,Clear,21371,768
40.9557521370096 -74.0681614937620,1376,Saturday,Paramus Park Parking Lot,Parking,Professional & Other Places,-1.0,Clear,21371,768
40.9658680283859 -74.0741586685181,1382,Saturday,Fashion Center,Shopping Mall,Shop & Service,6.8,Clear,21371,768
40.9665485380261 -74.0758752822876,1393,Saturday,Applebee's Neighborhood Grill & Bar,American Restaurant,Food,6.3,Clear,21371,768
40.7700213635667 -74.0277773886559,524,Sunday,Dunkin Donuts,Donut Shop,Food,5.7,Clear,21371,768
40.7704703500000 -74.0281831400000,547,Sunday,US Post Office,Post Office,Professional & Other Places,-1.0,Clear,21371,768
40.7611708582504 -74.0112876892090,602,Sunday,Lincoln Tunnel,Tunnel,Travel & Transport,5.3,Clear,21371,768
40.7576340089401 -73.9949830278669,611,Sunday,Port Authority Bus Terminal,Bus Station,Travel & Transport,5.5,Clear,21371,768
40.7811844364976 -73.9732030930065,657,Sunday,American Museum of Natural History,Science Museum,Arts & Entertainment,9.4,Clear,21371,768
40.7804291212651 -73.9747297775718,753,Sunday,Creatures of Light at the American Museum of Natural History,History Museum,Arts & Entertainment,7.5,Clear,21371,768
40.7806342523024 -73.9734211915430,786,Sunday,World's Largest Dinosaurs Exhibit at the American Museum of Natural History,Science Museum,Arts & Entertainment,-1.0,Clear,21371,768
40.7816302433542 -73.9732203113210,803,Sunday,AMNH Food Court,Food Court,Food,4.7,Clear,21371,768
40.7808663933150 -73.9733934402466,840,Sunday,The Butterfly Conservatory at the American Museum of Natural History,Exhibit,Arts & Entertainment,-1.0,Clear,21371,768
40.7808170000000 -73.9729260000000,863,Sunday,Theodore Roosevelt Statue,Outdoor Sculpture,Arts & Entertainment,7.3,Clear,21371,768
40.7831658937488 -73.9745288987157,900,Sunday,Uno Pizzeria & Grill - New York,American Restaurant,Food,6.8,Clear,21371,768
40.8012272147775 -74.0003028102289,24,Monday,James J Braddock North Hudson County Park,Park,Outdoors & Recreation,8.7,Clear,21373,768
40.8033173792385 -74.0063524246216,45,Monday,The Camizzi Car Hold,Parking,Professional & Other Places,-1.0,Clear,21373,768
40.8020420837973 -74.0006327810760,59,Monday,Camizzi's Place,Home (private),Residence,-1.0,Clear,21373,768
40.8033173792385 -74.0063524246216,650,Monday,The Camizzi Car Hold,Parking,Professional & Other Places,-1.0,Clouds,21373,768
40.8330995119797 -74.0102148056030,694,Monday,Ridgefield Circle,Bus Station,Travel & Transport,-1.0,Clouds,21373,768
40.9563425162631 -74.0690277157403,717,Monday,Paramus Park Mall,Shopping Mall,Shop & Service,7.3,Clouds,21373,768
40.9564465183561 -74.0688613555358,722,Monday,Dunkin Donuts,Donut Shop,Food,6.3,Clouds,21373,768
40.9559639575860 -74.0683622740440,725,Monday,Disney Store,Toy / Game Store,Shop & Service,-1.0,Clouds,21373,768
40.9564888763106 -74.0687753070967,926,Monday,Paramus Park Fountain,Garden,Outdoors & Recreation,-1.0,Clouds,21373,768
40.9564312268171 -74.0688728286580,930,Monday,Paramus Park Food Court,Food Court,Food,6.7,Clouds,21373,768
40.9564296604857 -74.0688556189744,944,Monday,Taco Bell,Fast Food Restaurant,Food,5.8,Clouds,21373,768
40.9573899000000 -74.0694669833333,972,Monday,Pandora,Jewelry Store,Shop & Service,-1.0,Clouds,21373,768
40.9561456958968 -74.0684509277344,978,Monday,Auntie Anne's,Snack Place,Food,6.7,Clouds,21373,768
40.9559639575860 -74.0683622740440,1005,Monday,Disney Store,Toy / Game Store,Shop & Service,-1.0,Clouds,21373,768
40.9572823177777 -74.0693833818936,1116,Monday,Justice,Clothing Store,Shop & Service,6.5,Clouds,21373,768
40.9557521370096 -74.0681614937620,1122,Monday,Paramus Park Parking Lot,Parking,Professional & Other Places,-1.0,Clouds,21373,768
40.7925477016768 -74.0505337715149,1018,Tuesday,Mill Creek Mall,Shopping Mall,Shop & Service,7.5,Rain,21373,768
40.7913293023563 -74.0514993667603,1034,Tuesday,Kohl's Secaucus,Department Store,Shop & Service,7.3,Rain,21373,768
40.7934411803020 -74.0507268905640,1063,Tuesday,Sports Authority,Sporting Goods Shop,Shop & Service,-1.0,Clouds,21373,768
40.8132895494315 -74.0113735198975,1101,Tuesday,Applebee's Neighborhood Grill & Bar,American Restaurant,Food,5.7,Clouds,21373,768
40.8091319537860 -74.0020608901978,1111,Tuesday,Burger King,Fast Food Restaurant,Food,5.3,Clouds,21373,768
40.8039649766588 -74.0051346743456,1290,Tuesday,Mark's Homemade Ice Cream,Ice Cream Shop,Food,7.6,Clouds,21373,768
40.8043427110207 -74.0056511371656,1311,Tuesday,The Camizzi Grapevine,Vineyard,Outdoors & Recreation,-1.0,Clouds,21373,768
40.8033819497664 -74.0065291207600,737,Wednesday,Carol Ann Cleaners,Laundry Service,Shop & Service,-1.0,Clouds,21373,768
40.8012272147775 -74.0003028102289,761,Wednesday,James J Braddock North Hudson County Park,Park,Outdoors & Recreation,8.7,Clouds,21373,768
40.8039649766588 -74.0051346743456,798,Wednesday,Mark's Homemade Ice Cream,Ice Cream Shop,Food,7.6,Clouds,21373,768
40.8030584446864 -74.0057773834207,820,Wednesday,Fine Fare,Supermarket,Shop & Service,-1.0,Clouds,21373,768
40.8020420837973 -74.0006327810760,834,Wednesday,Camizzi's Place,Home (private),Residence,-1.0,Clouds,21373,768
40.8020420837973 -74.0006327810760,1173,Wednesday,Camizzi's Place,Home (private),Residence,-1.0,Clouds,21373,768
40.7747231588620 -74.0347314790040,781,Thursday,Columbia Park Center,Shopping Mall,Shop & Service,6.3,Clouds,21373,768
40.7746552923383 -74.0332925319672,787,Thursday,IHOP,Breakfast Spot,Food,7.7,Clouds,21373,768
40.7746034860611 -74.0322000000000,832,Thursday,MyUnique,Thrift / Vintage Store,Shop & Service,7.0,Clouds,21373,768
40.8094453811646 -74.0077310800552,853,Thursday,Town Service Center,Gas Station,Shop & Service,-1.0,Clouds,21373,768
40.8132895494315 -74.0113735198975,959,Thursday,Applebee's Neighborhood Grill & Bar,American Restaurant,Food,5.7,Clouds,21373,768
40.8136110000000 -74.0103210500000,108,Friday,7-Eleven,Convenience Store,Shop & Service,6.6,Clear,21373,768
40.8011246001335 -74.0142488479614,681,Friday,North Bergen High School,High School,Professional & Other Places,-1.0,Clear,21373,768
40.8023541739406 -74.0123994565080,692,Friday,Exxon,Gas Station,Shop & Service,5.9,Clear,21373,768
40.8330995119797 -74.0102148056030,971,Friday,Ridgefield Circle,Bus Station,Travel & Transport,-1.0,Clear,21373,768
40.8764011333333 -74.0859481166667,1001,Friday,Burger King,Fast Food Restaurant,Food,5.1,Clear,21373,768
40.8750680359201 -74.0868905072605,1027,Friday,Kmart,Miscellaneous Shop,Shop & Service,-1.0,Clear,21373,768
40.9563425162631 -74.0690277157403,1092,Friday,Paramus Park Mall,Shopping Mall,Shop & Service,7.3,Clear,21373,768
40.9554326684856 -74.0679788589478,1117,Friday,Gregory's Hallmark,Gift Shop,Shop & Service,5.2,Clear,21373,768
40.9569330000000 -74.0694400000000,1129,Friday,Bath & Body Works,Cosmetics Shop,Shop & Service,6.9,Clear,21373,768
40.8043427110207 -74.0056511371656,1434,Friday,The Camizzi Grapevine,Vineyard,Outdoors & Recreation,-1.0,Clear,21373,768
40.8020420837973 -74.0006327810760,35,Saturday,Camizzi's Place,Home (private),Residence,-1.0,Clear,21373,768
40.8607586045227 -74.1988277435303,534,Saturday,Montclair State University,University,College & University,-1.0,Clear,21373,768
40.8590147959088 -74.2002112957634,542,Saturday,Lot 7,Parking,Professional & Other Places,-1.0,Clear,21373,768
40.8585839532694 -74.2012202739716,565,Saturday,Sprague Field,College Football Field,College & University,-1.0,Clear,21373,768
40.8069422397389 -74.0168178698467,812,Saturday,McDonald's,Fast Food Restaurant,Food,5.8,Clear,21373,768
40.8324669190658 -74.0020473453075,1073,Saturday,American Legion Post #21,Building,Professional & Other Places,-1.0,Clear,21373,768
40.7861215333333 -74.0464621782303,1278,Saturday,Bank Of America,Bank,Shop & Service,6.0,Clear,21373,768
40.7860863528562 -74.0461604218268,1285,Saturday,Harmon Meadow,Shopping Mall,Shop & Service,7.0,Clear,21373,768
40.8092140220248 -74.0020071752707,1384,Saturday,CVS Pharmacy,Pharmacy,Shop & Service,6.1,Clear,21373,768
40.8043427110207 -74.0056511371656,1420,Saturday,The Camizzi Grapevine,Vineyard,Outdoors & Recreation,-1.0,Clear,21373,768
40.7723193781418 -74.0157938003540,707,Sunday,Boulevard East,Scenic Lookout,Outdoors & Recreation,8.3,Clear,21373,768
40.7588385333759 -74.0238404273987,738,Sunday,Sheraton Lincoln Harbor Hotel,Hotel,Travel & Transport,7.5,Clear,21373,768
40.8020420837973 -74.0006327810760,792,Sunday,Camizzi's Place,Home (private),Residence,-1.0,Clear,21373,768
40.7926289275032 -74.0418863296509,1290,Sunday,Walmart Supercenter,Big Box Store,Shop & Service,6.8,Clear,21373,768
40.8043427110207 -74.0056511371656,1423,Sunday,The Camizzi Grapevine,Vineyard,Outdoors & Recreation,-1.0,Clouds,21373,768
40.8023541739406 -74.0123994565080,123,Monday,Exxon,Gas Station,Shop & Service,5.9,Clouds,21374,768
40.8020420837973 -74.0006327810760,135,Monday,Camizzi's Place,Home (private),Residence,-1.0,Clouds,21374,768
40.8012272147775 -74.0003028102289,619,Monday,James J Braddock North Hudson County Park,Park,Outdoors & Recreation,8.7,Clouds,21374,768
40.8059968376642 -73.9977318874645,682,Monday,BP,Gas Station,Shop & Service,6.2,Clouds,21374,768
40.8330995119797 -74.0102148056030,691,Monday,Ridgefield Circle,Bus Station,Travel & Transport,-1.0,Clouds,21374,768
40.9563425162631 -74.0690277157403,712,Monday,Paramus Park Mall,Shopping Mall,Shop & Service,7.3,Clouds,21374,768
40.9564465183561 -74.0688613555358,720,Monday,Dunkin Donuts,Donut Shop,Food,6.3,Clouds,21374,768
40.9559639575860 -74.0683622740440,730,Monday,Disney Store,Toy / Game Store,Shop & Service,-1.0,Clouds,21374,768
40.9564888763106 -74.0687753070967,964,Monday,Paramus Park Fountain,Garden,Outdoors & Recreation,-1.0,Clouds,21374,768
40.9564312268171 -74.0688728286580,969,Monday,Paramus Park Food Court,Food Court,Food,6.7,Clouds,21374,768
40.9564187333333 -74.0688570000000,976,Monday,Subway,Sandwich Place,Food,6.8,Clouds,21374,768
40.9561456958968 -74.0684509277344,994,Monday,Auntie Anne's,Snack Place,Food,6.7,Clouds,21374,768
40.9559984843002 -74.0683278545823,1137,Monday,Paramus Park Parking Lot,Parking,Professional & Other Places,-1.0,Clouds,21374,768
40.8043427110207 -74.0056511371656,1188,Monday,The Camizzi Grapevine,Vineyard,Outdoors & Recreation,-1.0,Rain,21374,768
40.8020420837973 -74.0006327810760,1196,Monday,Camizzi's Place,Home (private),Residence,-1.0,Rain,21374,768
40.8011246001335 -74.0142488479614,782,Tuesday,North Bergen High School,High School,Professional & Other Places,-1.0,Rain,21374,768
40.8023541739406 -74.0123994565080,842,Tuesday,Exxon,Gas Station,Shop & Service,5.9,Rain,21374,768
40.8033819497664 -74.0065291207600,981,Tuesday,Carol Ann Cleaners,Laundry Service,Shop & Service,-1.0,Clouds,21374,768
40.7860863528562 -74.0461604218268,1012,Tuesday,Harmon Meadow,Shopping Mall,Shop & Service,7.0,Clouds,21374,768
40.7913293023563 -74.0514993667603,1020,Tuesday,Kohl's Secaucus,Department Store,Shop & Service,7.3,Clouds,21374,768
40.8043427110207 -74.0056511371656,1062,Tuesday,The Camizzi Grapevine,Vineyard,Outdoors & Recreation,-1.0,Clouds,21374,768
40.7210902366805 -74.0824393082484,1164,Tuesday,Checkers,Fast Food Restaurant,Food,5.7,Clouds,21374,768
40.8165995200000 -74.0028730000000,1298,Tuesday,Dollar Tree,Discount Store,Shop & Service,6.3,Clouds,21374,768
40.8134291126369 -74.0135420858860,1319,Tuesday,Walmart Supercenter,Big Box Store,Shop & Service,6.5,Clouds,21374,768
40.7694623998084 -74.0438138726682,1400,Tuesday,Taco Bell,Fast Food Restaurant,Food,7.4,Clouds,21374,768
40.8402810000000 -73.9982420000000,1437,Tuesday,Legends,Bar,Nightlife Spot,7.0,Clouds,21374,768
40.8069977352103 -74.0161726623774,152,Wednesday,BP,Gas Station,Shop & Service,6.2,Fog,21374,768
40.8012272147775 -74.0003028102289,156,Wednesday,James J Braddock North Hudson County Park,Park,Outdoors & Recreation,8.7,Fog,21374,768
40.8022778485458 -73.9994859695435,167,Wednesday,Hudson County Park Lake,Lake,Outdoors & Recreation,-1.0,Fog,21374,768
40.8043427110207 -74.0056511371656,178,Wednesday,The Camizzi Grapevine,Vineyard,Outdoors & Recreation,-1.0,Fog,21374,768
40.8020420837973 -74.0006327810760,294,Wednesday,Camizzi's Place,Home (private),Residence,-1.0,Rain,21374,768
40.8023541739406 -74.0123994565080,794,Wednesday,Exxon,Gas Station,Shop & Service,5.9,Clouds,21374,768
40.8011246001335 -74.0142488479614,801,Wednesday,North Bergen High School,High School,Professional & Other Places,-1.0,Clouds,21374,768
40.8012272147775 -74.0003028102289,810,Wednesday,James J Braddock North Hudson County Park,Park,Outdoors & Recreation,8.7,Clouds,21374,768
40.8022778485458 -73.9994859695435,836,Wednesday,Hudson County Park Lake,Lake,Outdoors & Recreation,-1.0,Clouds,21374,768
40.8020420837973 -74.0006327810760,969,Wednesday,Camizzi's Place,Home (private),Residence,-1.0,Clouds,21374,768
40.8039649766588 -74.0051346743456,1012,Wednesday,Mark's Homemade Ice Cream,Ice Cream Shop,Food,7.6,Clear,21374,768
40.8043427110207 -74.0056511371656,91,Thursday,The Camizzi Grapevine,Vineyard,Outdoors & Recreation,-1.0,Clouds,21374,768
40.8020420837973 -74.0006327810760,97,Thursday,Camizzi's Place,Home (private),Residence,-1.0,Clouds,21374,768
40.8023541739406 -74.0123994565080,581,Thursday,Exxon,Gas Station,Shop & Service,5.9,Clear,21374,768
40.8012272147775 -74.0003028102289,607,Thursday,James J Braddock North Hudson County Park,Park,Outdoors & Recreation,8.7,Clear,21374,768
40.8022778485458 -73.9994859695435,792,Thursday,Hudson County Park Lake,Lake,Outdoors & Recreation,-1.0,Clear,21374,768
40.8030584446864 -74.0057773834207,818,Thursday,Fine Fare,Supermarket,Shop & Service,-1.0,Clear,21374,768
40.8033173792385 -74.0063524246216,924,Thursday,The Camizzi Car Hold,Parking,Professional & Other Places,-1.0,Clear,21374,768
40.8114381522955 -74.0677964687347,526,Friday,IZOD Center (Meadowlands Arena),Stadium,Arts & Entertainment,6.8,Clear,21374,768
40.8011246001335 -74.0142488479614,959,Friday,North Bergen High School,High School,Professional & Other Places,-1.0,Clear,21374,768
40.8512155742824 -73.9520645141602,998,Friday,George Washington Bridge,Bridge,Outdoors & Recreation,-1.0,Clear,21374,768
40.8282772116192 -73.9265534443904,1134,Friday,Yankee Stadium,Baseball Stadium,Arts & Entertainment,9.2,Clear,21374,768
40.8301386180833 -73.9258756223786,1301,Friday,Yankee Stadium,Baseball Stadium,Arts & Entertainment,9.2,Clear,21374,768
40.8293247090912 -73.9276510477066,1343,Friday,Great Hall,Baseball Stadium,Arts & Entertainment,8.2,Clear,21374,768
40.8512155742824 -73.9520645141602,1389,Friday,George Washington Bridge,Bridge,Outdoors & Recreation,-1.0,Clear,21374,768
40.8023541739406 -74.0123994565080,1416,Friday,Exxon,Gas Station,Shop & Service,5.9,Clear,21374,768
40.7597910000000 -74.0227893571429,2,Saturday,Hi-Tech Billiards,Pool Hall,Arts & Entertainment,-1.0,Clear,21374,768
40.8012272147775 -74.0003028102289,130,Saturday,James J Braddock North Hudson County Park,Park,Outdoors & Recreation,8.7,Clear,21374,768
40.8132895494315 -74.0113735198975,140,Saturday,Applebee's Neighborhood Grill & Bar,American Restaurant,Food,5.7,Clear,21374,768
40.8128348250965 -73.9840793609619,221,Saturday,Edgewater Commons,Shopping Mall,Shop & Service,8.1,Clear,21374,768
40.8186999325416 -74.0013988851112,250,Saturday,McDonald's,Fast Food Restaurant,Food,6.1,Clear,21374,768
40.8020420837973 -74.0006327810760,313,Saturday,Camizzi's Place,Home (private),Residence,-1.0,Clear,21374,768
40.8033819497664 -74.0065291207600,910,Saturday,Carol Ann Cleaners,Laundry Service,Shop & Service,-1.0,Clear,21374,768
40.8304977622507 -74.0932452678680,1084,Saturday,CiCi's Pizza Buffet,Pizza Place,Food,-1.0,Clear,21374,768
40.7724867975155 -74.0292749493683,774,Monday,Margie's Barber Shop,Salon / Barbershop,Shop & Service,-1.0,Rain,21375,768
40.8160178299938 -73.9981555938721,834,Monday,Our Lady of Grace R.C. Church,Church,Professional & Other Places,-1.0,Rain,21375,768
40.8198598900000 -74.0007183000000,856,Monday,Bank of America,Bank,Shop & Service,6.5,Rain,21375,768
40.8164081174860 -74.0022768882135,998,Monday,Little Maria Plaza IV,Shopping Mall,Shop & Service,-1.0,Clouds,21375,768
40.8165995200000 -74.0028730000000,1005,Monday,Dollar Tree,Discount Store,Shop & Service,6.3,Clouds,21375,768
40.8163750965210 -74.0029621124268,1017,Monday,Blvd. Liquors,Liquor Store,Shop & Service,-1.0,Clouds,21375,768
40.9173354418021 -74.0756607055664,1080,Monday,Westfield Garden State Plaza,Shopping Mall,Shop & Service,8.3,Clouds,21375,768
40.9165450000000 -74.0760310000000,1095,Monday,Spencer's Gifts,Miscellaneous Shop,Shop & Service,5.6,Rain,21375,768
40.9167550000000 -74.0764890000000,1112,Monday,Hot Topic,Clothing Store,Shop & Service,6.4,Rain,21375,768
40.9163785048370 -74.0764965644111,1129,Monday,Garden State Plaza Food Court,Food Court,Food,6.9,Clouds,21375,768
40.8017905629288 -74.0215015411377,1323,Monday,Target,Big Box Store,Shop & Service,7.8,Clouds,21375,768
40.8059968376642 -73.9977318874645,1346,Monday,BP,Gas Station,Shop & Service,6.2,Rain,21375,768
40.8043427110207 -74.0056511371656,1389,Monday,The Camizzi Grapevine,Vineyard,Outdoors & Recreation,-1.0,Rain,21375,768
40.8020420837973 -74.0006327810760,1401,Monday,Camizzi's Place,Home (private),Residence,-1.0,Clouds,21375,768
40.8065670450306 -74.0115214998693,551,Tuesday,Horace Mann School,Elementary School,Professional & Other Places,-1.0,Clouds,21375,768
40.8030584446864 -74.0057773834207,868,Wednesday,Fine Fare,Supermarket,Shop & Service,-1.0,Clouds,21375,768
40.8039649766588 -74.0051346743456,915,Wednesday,Mark's Homemade Ice Cream,Ice Cream Shop,Food,7.6,Clouds,21375,768
40.8132895494315 -74.0113735198975,979,Wednesday,Applebee's Neighborhood Grill & Bar,American Restaurant,Food,5.7,Clouds,21375,768
40.7614824143353 -74.0442269592191,1079,Wednesday,International Supermarket,Convenience Store,Shop & Service,-1.0,Clear,21375,768
40.8011246001335 -74.0142488479614,1149,Wednesday,North Bergen High School,High School,Professional & Other Places,-1.0,Clear,21375,768
40.8014169748664 -74.0143775939941,1222,Wednesday,NBHS Auditorium,Concert Hall,Arts & Entertainment,-1.0,Clear,21375,768
40.8132895494315 -74.0113735198975,1389,Wednesday,Applebee's Neighborhood Grill & Bar,American Restaurant,Food,5.7,Clear,21375,768
40.8023541739406 -74.0123994565080,85,Thursday,Exxon,Gas Station,Shop & Service,5.9,Clouds,21375,768
40.8043427110207 -74.0056511371656,101,Thursday,The Camizzi Grapevine,Vineyard,Outdoors & Recreation,-1.0,Clouds,21375,768
40.7710201739254 -74.0181433739134,128,Thursday,"Blvd East ""The Block"" NYC View",Scenic Lookout,Outdoors & Recreation,-1.0,Clouds,21375,768
40.8186999325416 -74.0013988851112,176,Thursday,McDonald's,Fast Food Restaurant,Food,6.1,Clouds,21375,768
40.8020420837973 -74.0006327810760,336,Thursday,Camizzi's Place,Home (private),Residence,-1.0,Clouds,21375,768
40.8023541739406 -74.0123994565080,306,Friday,Exxon,Gas Station,Shop & Service,5.9,Clouds,21375,768
40.8020420837973 -74.0006327810760,314,Friday,Camizzi's Place,Home (private),Residence,-1.0,Clouds,21375,768
40.8033173792385 -74.0063524246216,815,Friday,The Camizzi Car Hold,Parking,Professional & Other Places,-1.0,Fog,21375,768
40.8059968376642 -73.9977318874645,825,Friday,BP,Gas Station,Shop & Service,6.2,Fog,21375,768
40.8198598900000 -74.0007183000000,942,Friday,Bank of America,Bank,Shop & Service,6.5,Clouds,21375,768
40.8132895494315 -74.0113735198975,960,Friday,Applebee's Neighborhood Grill & Bar,American Restaurant,Food,5.7,Clouds,21375,768
40.7740930000000 -74.0377591100000,1126,Friday,Sonic Drive-In,Fast Food Restaurant,Food,6.8,Clouds,21375,768
40.7925477016768 -74.0505337715149,1225,Friday,Mill Creek Mall,Shopping Mall,Shop & Service,7.5,Clouds,21375,768
40.7860863528562 -74.0461604218268,1228,Friday,Harmon Meadow,Shopping Mall,Shop & Service,7.0,Clouds,21375,768
40.7913293023563 -74.0514993667603,1232,Friday,Kohl's Secaucus,Department Store,Shop & Service,7.3,Clouds,21375,768
40.8043427110207 -74.0056511371656,36,Saturday,The Camizzi Grapevine,Vineyard,Outdoors & Recreation,-1.0,Clouds,21375,768
40.8020420837973 -74.0006327810760,96,Saturday,Camizzi's Place,Home (private),Residence,-1.0,Clouds,21375,768
40.8128348250965 -73.9840793609619,1302,Saturday,Edgewater Commons,Shopping Mall,Shop & Service,8.1,Clear,21375,768
40.8124125782805 -73.9851522445679,1309,Saturday,Modell's Sporting Goods,Sporting Goods Shop,Shop & Service,5.9,Clear,21375,768
40.8012272147775 -74.0003028102289,1321,Saturday,James J Braddock North Hudson County Park,Park,Outdoors & Recreation,8.7,Clear,21375,768
40.8022778485458 -73.9994859695435,1338,Saturday,Hudson County Park Lake,Lake,Outdoors & Recreation,-1.0,Clear,21375,768
40.8043427110207 -74.0056511371656,1347,Saturday,The Camizzi Grapevine,Vineyard,Outdoors & Recreation,-1.0,Clear,21375,768
40.8023541739406 -74.0123994565080,117,Sunday,Exxon,Gas Station,Shop & Service,5.9,Clouds,21375,768
40.8017905629288 -74.0215015411377,734,Sunday,Target,Big Box Store,Shop & Service,7.8,Clear,21375,768
40.8164081174860 -74.0022768882135,770,Sunday,Little Maria Plaza IV,Shopping Mall,Shop & Service,-1.0,Clear,21375,768
40.8165995200000 -74.0028730000000,775,Sunday,Dollar Tree,Discount Store,Shop & Service,6.3,Clear,21375,768
40.8163750965210 -74.0029621124268,785,Sunday,Blvd. Liquors,Liquor Store,Shop & Service,-1.0,Clear,21375,768
40.8020420837973 -74.0006327810760,823,Sunday,Camizzi's Place,Home (private),Residence,-1.0,Clear,21375,768
40.8039649766588 -74.0051346743456,1292,Sunday,Mark's Homemade Ice Cream,Ice Cream Shop,Food,7.6,Clouds,21375,768
40.8402810000000 -73.9982420000000,1384,Sunday,Legends,Bar,Nightlife Spot,7.0,Clouds,21375,768
40.8033173792385 -74.0063524246216,623,Monday,The Camizzi Car Hold,Parking,Professional & Other Places,-1.0,Clouds,21379,768
40.8132895494315 -74.0113735198975,654,Monday,Applebee's Neighborhood Grill & Bar,American Restaurant,Food,5.7,Clouds,21379,768
40.8094453811646 -74.0077310800552,685,Monday,Town Service Center,Gas Station,Shop & Service,-1.0,Clouds,21379,768
40.8243968473368 -73.9733505249023,889,Monday,Jamba Juice,Juice Bar,Food,-1.0,Clear,21379,768
40.8012272147775 -74.0003028102289,953,Monday,James J Braddock North Hudson County Park,Park,Outdoors & Recreation,8.7,Clear,21379,768
40.8022778485458 -73.9994859695435,953,Monday,Hudson County Park Lake,Lake,Outdoors & Recreation,-1.0,Clear,21379,768
40.8020420837973 -74.0006327810760,980,Wednesday,Camizzi's Place,Home (private),Residence,-1.0,Clouds,21379,768
40.8132895494315 -74.0113735198975,1088,Wednesday,Applebee's Neighborhood Grill & Bar,American Restaurant,Food,5.7,Clear,21379,768
40.8012272147775 -74.0003028102289,430,Thursday,James J Braddock North Hudson County Park,Park,Outdoors & Recreation,8.7,Clear,21379,768
40.8033058174890 -74.0065348592017,441,Thursday,Hudson County Park Courts,Basketball Court,Outdoors & Recreation,-1.0,Clear,21379,768
40.8022778485458 -73.9994859695435,468,Thursday,Hudson County Park Lake,Lake,Outdoors & Recreation,-1.0,Clear,21379,768
40.8023541739406 -74.0123994565080,512,Thursday,Exxon,Gas Station,Shop & Service,5.9,Clear,21379,768
40.8030584446864 -74.0057773834207,601,Thursday,Fine Fare,Supermarket,Shop & Service,-1.0,Clear,21379,768
40.8011733293450 -74.0148282051086,637,Tuesday,NBHS Back Field,Field,Outdoors & Recreation,-1.0,Clouds,21380,768
40.8006860356192 -74.0148496627808,642,Tuesday,NBHS Field of Dreams,Baseball Field,Outdoors & Recreation,-1.0,Clouds,21380,768
40.8094453811646 -74.0077310800552,692,Tuesday,Town Service Center,Gas Station,Shop & Service,-1.0,Clouds,21380,768
40.8012272147775 -74.0003028102289,776,Tuesday,James J Braddock North Hudson County Park,Park,Outdoors & Recreation,8.7,Clouds,21380,768
40.8022778485458 -73.9994859695435,839,Tuesday,Hudson County Park Lake,Lake,Outdoors & Recreation,-1.0,Clouds,21380,768
40.8029275571367 -74.0001296997070,840,Tuesday,Woodcliff Lake,Lake,Outdoors & Recreation,-1.0,Clouds,21380,768
40.8033058174890 -74.0065348592017,850,Tuesday,Hudson County Park Courts,Basketball Court,Outdoors & Recreation,-1.0,Clouds,21380,768
40.8330995119797 -74.0102148056030,1129,Tuesday,Ridgefield Circle,Bus Station,Travel & Transport,-1.0,Clouds,21380,768
40.8654086842606 -74.0758942488509,1145,Tuesday,Costa Memorial Home,Building,Professional & Other Places,-1.0,Clouds,21380,768
40.8548554341173 -74.0445597227318,1170,Tuesday,McDonald's,Fast Food Restaurant,Food,6.8,Clouds,21380,768
40.8132895494315 -74.0113735198975,1186,Tuesday,Applebee's Neighborhood Grill & Bar,American Restaurant,Food,5.7,Clouds,21380,768
40.8091319537860 -74.0020608901978,1195,Tuesday,Burger King,Fast Food Restaurant,Food,5.3,Clouds,21380,768
40.8121295003539 -74.0054502906790,48,Wednesday,The Camizzi Grapevine,Vineyard,Outdoors & Recreation,-1.0,Clouds,21380,768
40.8247640000000 -73.9841350000000,142,Wednesday,Club House Cafe,Bar,Nightlife Spot,5.4,Clouds,21380,768
40.8020420837973 -74.0006327810760,198,Wednesday,Camizzi's Place,Home (private),Residence,-1.0,Clouds,21380,768
40.8027526799018 -74.0131110001054,480,Wednesday,NBHS Parking Lot,Parking,Professional & Other Places,-1.0,Clear,21380,768
40.8004447422329 -74.0140463316094,497,Wednesday,North Bergen Board of Education,Office,Professional & Other Places,-1.0,Clear,21380,768
40.8011246001335 -74.0142488479614,498,Wednesday,North Bergen High School,High School,Professional & Other Places,-1.0,Clear,21380,768
40.8006860356192 -74.0148496627808,560,Wednesday,NBHS Field of Dreams,Baseball Field,Outdoors & Recreation,-1.0,Clear,21380,768
40.8018392916515 -74.0141201019287,602,Wednesday,NBHS Courts,Basketball Court,Outdoors & Recreation,-1.0,Clear,21380,768
40.8019308571520 -74.0134839856099,675,Wednesday,North Bergen High School,High School,Professional & Other Places,-1.0,Clear,21380,768
40.8014169748664 -74.0143775939941,675,Wednesday,NBHS Auditorium,Concert Hall,Arts & Entertainment,-1.0,Clear,21380,768
40.8121295003539 -74.0054502906790,960,Saturday,The Camizzi Grapevine,Vineyard,Outdoors & Recreation,-1.0,Clear,21380,768
40.8330995119797 -74.0102148056030,1023,Saturday,Ridgefield Circle,Bus Station,Travel & Transport,-1.0,Clear,21380,768
40.9559984843002 -74.0683278545823,1046,Saturday,Paramus Park Parking Lot,Parking,Professional & Other Places,-1.0,Clear,21380,768
40.9563425162631 -74.0690277157403,1047,Saturday,Paramus Park Mall,Shopping Mall,Shop & Service,7.3,Clear,21380,768
40.9559639575860 -74.0683622740440,1055,Saturday,Disney Store,Toy / Game Store,Shop & Service,-1.0,Clear,21380,768
40.9564888763106 -74.0687753070967,1343,Saturday,Paramus Park Fountain,Garden,Outdoors & Recreation,-1.0,Clear,21380,768
40.9658680283859 -74.0741586685181,1346,Saturday,Fashion Center,Shopping Mall,Shop & Service,6.8,Clear,21380,768
40.9665485380261 -74.0758752822876,1354,Saturday,Applebee's Neighborhood Grill & Bar,American Restaurant,Food,6.3,Clear,21380,768
40.8020420837973 -74.0006327810760,65,Sunday,Camizzi's Place,Home (private),Residence,-1.0,Clear,21380,768
40.8121295003539 -74.0054502906790,125,Monday,The Camizzi Grapevine,Vineyard,Outdoors & Recreation,-1.0,Clouds,21382,768
40.8020420837973 -74.0006327810760,125,Monday,Camizzi's Place,Home (private),Residence,-1.0,Clouds,21382,768
40.8027526799018 -74.0131110001054,480,Monday,NBHS Parking Lot,Parking,Professional & Other Places,-1.0,Clouds,21382,768
40.8019308571520 -74.0134839856099,483,Monday,North Bergen High School,High School,Professional & Other Places,-1.0,Clouds,21382,768
40.8011246001335 -74.0142488479614,484,Monday,North Bergen High School,High School,Professional & Other Places,-1.0,Clouds,21382,768
40.8011733293450 -74.0148282051086,546,Monday,NBHS Back Field,Field,Outdoors & Recreation,-1.0,Clouds,21382,768
40.8006860356192 -74.0148496627808,547,Monday,NBHS Field of Dreams,Baseball Field,Outdoors & Recreation,-1.0,Clouds,21382,768
40.8004447422329 -74.0140463316094,547,Monday,North Bergen Board of Education,Office,Professional & Other Places,-1.0,Clouds,21382,768
40.8018392916515 -74.0141201019287,592,Monday,NBHS Courts,Basketball Court,Outdoors & Recreation,-1.0,Clear,21382,768
40.8015306758037 -74.0143132209778,593,Monday,NBHS Band Room 108,Concert Hall,Arts & Entertainment,-1.0,Clear,21382,768
40.8007834946506 -74.0153646469116,608,Monday,NB Board Parking Lot,Parking,Professional & Other Places,-1.0,Clear,21382,768
40.8048106090861 -74.0154292366686,636,Monday,Boco-Loco Deli Restaurant,Breakfast Spot,Food,-1.0,Clear,21382,768
40.8023541739406 -74.0123994565080,659,Monday,Exxon,Gas Station,Shop & Service,5.9,Clear,21382,768
40.7593134449328 -74.0476377575846,772,Monday,Home on the Range,Home (private),Residence,-1.0,Clear,21382,768
40.8330995119797 -74.0102148056030,812,Monday,Ridgefield Circle,Bus Station,Travel & Transport,-1.0,Clear,21382,768
40.9563425162631 -74.0690277157403,832,Monday,Paramus Park Mall,Shopping Mall,Shop & Service,7.3,Clear,21382,768
40.9559639575860 -74.0683622740440,834,Monday,Disney Store,Toy / Game Store,Shop & Service,-1.0,Clear,21382,768
40.9564312268171 -74.0688728286580,1129,Monday,Paramus Park Food Court,Food Court,Food,6.7,Clouds,21382,768
40.8132895494315 -74.0113735198975,1378,Tuesday,Applebee's Neighborhood Grill & Bar,American Restaurant,Food,5.7,Clouds,21382,768
40.8133125305176 -74.0114898681641,1413,Tuesday,Applebee's Neighborhood Grill & Bar,American Restaurant,Food,5.7,Clear,21382,768
40.8121295003539 -74.0054502906790,142,Wednesday,The Camizzi Grapevine,Vineyard,Outdoors & Recreation,-1.0,Clouds,21382,768
40.8020420837973 -74.0006327810760,142,Wednesday,Camizzi's Place,Home (private),Residence,-1.0,Clouds,21382,768
40.8004447422329 -74.0140463316094,481,Wednesday,North Bergen Board of Education,Office,Professional & Other Places,-1.0,Clouds,21382,768
40.8027526799018 -74.0131110001054,481,Wednesday,NBHS Parking Lot,Parking,Professional & Other Places,-1.0,Clouds,21382,768
40.8019308571520 -74.0134839856099,485,Wednesday,North Bergen High School,High School,Professional & Other Places,-1.0,Clouds,21382,768
40.8011246001335 -74.0142488479614,486,Wednesday,North Bergen High School,High School,Professional & Other Places,-1.0,Clouds,21382,768
40.7248522132282 -74.0605144747244,696,Wednesday,Hudson County Plaza,Courthouse,Professional & Other Places,-1.0,Clouds,21382,768
40.7325515577400 -74.0575128793716,696,Wednesday,Hudson County Sheriff's Office,Police Station,Professional & Other Places,-1.0,Clouds,21382,768
40.8007834946506 -74.0153646469116,902,Wednesday,NB Board Parking Lot,Parking,Professional & Other Places,-1.0,Clouds,21382,768
40.8006860356192 -74.0148496627808,932,Wednesday,NBHS Field of Dreams,Baseball Field,Outdoors & Recreation,-1.0,Clear,21382,768
40.8330995119797 -74.0102148056030,1084,Wednesday,Ridgefield Circle,Bus Station,Travel & Transport,-1.0,Clouds,21382,768
40.9355016121568 -73.9977204100533,1111,Wednesday,Fred Triplett Park,Playground,Outdoors & Recreation,-1.0,Clear,21382,768
40.8023541739406 -74.0123994565080,1306,Wednesday,Exxon,Gas Station,Shop & Service,5.9,Clear,21382,768
40.8030584446864 -74.0057773834207,1322,Wednesday,Fine Fare,Supermarket,Shop & Service,-1.0,Clear,21382,768
40.8121295003539 -74.0054502906790,216,Thursday,The Camizzi Grapevine,Vineyard,Outdoors & Recreation,-1.0,Clouds,21382,768
40.8020420837973 -74.0006327810760,216,Thursday,Camizzi's Place,Home (private),Residence,-1.0,Clouds,21382,768
40.8004447422329 -74.0140463316094,476,Thursday,North Bergen Board of Education,Office,Professional & Other Places,-1.0,Clouds,21382,768
40.8027526799018 -74.0131110001054,479,Thursday,NBHS Parking Lot,Parking,Professional & Other Places,-1.0,Clouds,21382,768
40.8006860356192 -74.0148496627808,479,Thursday,NBHS Field of Dreams,Baseball Field,Outdoors & Recreation,-1.0,Clouds,21382,768
40.8019308571520 -74.0134839856099,517,Thursday,North Bergen High School,High School,Professional & Other Places,-1.0,Clouds,21382,768
40.8011246001335 -74.0142488479614,518,Thursday,North Bergen High School,High School,Professional & Other Places,-1.0,Clouds,21382,768
40.8011733293450 -74.0148282051086,569,Thursday,NBHS Back Field,Field,Outdoors & Recreation,-1.0,Clouds,21382,768
40.8018392916515 -74.0141201019287,569,Thursday,NBHS Courts,Basketball Court,Outdoors & Recreation,-1.0,Clouds,21382,768
40.8048106090861 -74.0154292366686,600,Thursday,Boco-Loco Deli Restaurant,Breakfast Spot,Food,-1.0,Clouds,21382,768
40.8029302646365 -74.0124281478333,648,Thursday,Nick's Pizza,Pizza Place,Food,-1.0,Clear,21382,768
40.8023541739406 -74.0123994565080,655,Thursday,Exxon,Gas Station,Shop & Service,5.9,Clear,21382,768
40.8007834946506 -74.0153646469116,660,Thursday,NB Board Parking Lot,Parking,Professional & Other Places,-1.0,Clear,21382,768
40.8015306758037 -74.0143132209778,673,Thursday,NBHS Band Room 108,Concert Hall,Arts & Entertainment,-1.0,Clear,21382,768
40.8014169748664 -74.0143775939941,689,Thursday,NBHS Auditorium,Concert Hall,Arts & Entertainment,-1.0,Clear,21382,768
40.8069977352103 -74.0161726623774,723,Thursday,BP,Gas Station,Shop & Service,6.2,Clear,21382,768
40.8121295003539 -74.0054502906790,887,Thursday,The Camizzi Grapevine,Vineyard,Outdoors & Recreation,-1.0,Clear,21382,768
40.8020420837973 -74.0006327810760,887,Thursday,Camizzi's Place,Home (private),Residence,-1.0,Clear,21382,768
40.8132895494315 -74.0113735198975,958,Thursday,Applebee's Neighborhood Grill & Bar,American Restaurant,Food,5.7,Clear,21382,768
40.8133125305176 -74.0114898681641,139,Friday,Applebee's Neighborhood Grill & Bar,American Restaurant,Food,5.7,Clear,21382,768
40.7593134449328 -74.0476377575846,196,Friday,Home on the Range,Home (private),Residence,-1.0,Clouds,21382,768
40.8020420837973 -74.0006327810760,227,Friday,Camizzi's Place,Home (private),Residence,-1.0,Clouds,21382,768
40.7746034860611 -74.0322000000000,849,Sunday,MyUnique,Thrift / Vintage Store,Shop & Service,7.0,Clouds,21382,768
40.7855275124512 -74.0459424062563,1264,Sunday,CUPS Frozen Yogurt,Frozen Yogurt Shop,Food,6.9,Rain,21382,768
40.7618798850444 -74.0441474318504,507,Monday,John F. Kennedy Elementary School,Elementary School,Professional & Other Places,-1.0,Clear,21393,768
40.9563425162631 -74.0690277157403,1125,Monday,Paramus Park Mall,Shopping Mall,Shop & Service,7.3,Clear,21393,768
40.9559639575860 -74.0683622740440,1130,Monday,Disney Store,Toy / Game Store,Shop & Service,-1.0,Clear,21393,768
40.7618798850444 -74.0441474318504,496,Tuesday,John F. Kennedy Elementary School,Elementary School,Professional & Other Places,-1.0,Clear,21393,768
40.8020420837973 -74.0006327810760,134,Wednesday,Camizzi's Place,Home (private),Residence,-1.0,Clouds,21393,768
40.7618798850444 -74.0441474318504,514,Wednesday,John F. Kennedy Elementary School,Elementary School,Professional & Other Places,-1.0,Clouds,21393,768
40.8011246001335 -74.0142488479614,980,Thursday,North Bergen High School,High School,Professional & Other Places,-1.0,Clouds,21393,768
40.8011733293450 -74.0148282051086,982,Thursday,NBHS Back Field,Field,Outdoors & Recreation,-1.0,Clouds,21393,768
40.7618798850444 -74.0441474318504,530,Friday,John F. Kennedy Elementary School,Elementary School,Professional & Other Places,-1.0,Clouds,21393,768
40.8049381728163 -74.0013070675608,1141,Friday,Bruins Stadium,Stadium,Arts & Entertainment,6.7,Clouds,21393,768
40.8091319537860 -74.0020608901978,474,Monday,Burger King,Fast Food Restaurant,Food,5.3,Clouds,21405,768
40.7274401153738 -74.0712477499768,933,Tuesday,Saint Peter's University,University,College & University,-1.0,Fog,21405,768
40.7618798850444 -74.0441474318504,543,Wednesday,John F. Kennedy Elementary School,Elementary School,Professional & Other Places,-1.0,Clouds,21405,768
40.8086934421832 -74.0024685859680,470,Thursday,Dunkin' Donuts,Donut Shop,Food,5.9,Rain,21405,768
40.7616259364890 -74.0443325042725,1021,Thursday,Kennedy Bulldogs Court,Basketball Court,Outdoors & Recreation,-1.0,Clouds,21405,768
40.8069977352103 -74.0161726623774,1043,Thursday,BP,Gas Station,Shop & Service,6.2,Clouds,21405,768
40.7618798850444 -74.0441474318504,550,Friday,John F. Kennedy Elementary School,Elementary School,Professional & Other Places,-1.0,Clouds,21405,768
40.8011246001335 -74.0142488479614,1001,Friday,North Bergen High School,High School,Professional & Other Places,-1.0,Clouds,21405,768
40.8011733293450 -74.0148282051086,1112,Saturday,NBHS Back Field,Field,Outdoors & Recreation,-1.0,Clouds,21405,768
40.8132895494315 -74.0113735198975,0,Sunday,Applebee's Neighborhood Grill & Bar,American Restaurant,Food,5.7,Snow,21405,768
40.8128348250965 -73.9840793609619,182,Sunday,Edgewater Commons,Shopping Mall,Shop & Service,8.1,Clouds,21405,768
40.8130987279918 -73.9846855401993,187,Sunday,Starbucks,Coffee Shop,Food,8.1,Clouds,21405,768
40.8132895494315 -74.0113735198975,1039,Sunday,Applebee's Neighborhood Grill & Bar,American Restaurant,Food,5.7,Clouds,21405,768
